customer_id,first_name,last_name,phone_number,email_address,join_date
1,Danielle,Johnson,718-555-9935,john21@example.net,2023-06-28
2,Joy,Gardner,718-555-2535,fjohnson@example.org,2024-03-23
3,Jesse,Guzman,718-555-4257,jennifermiles@example.com,2025-05-09
4,Jeffrey,Lawrence,718-555-1106,blakeerik@example.com,2023-11-23
5,Matthew,Moore,718-555-3547,curtis61@example.com,2024-03-16
6,Melanie,Munoz,718-555-2519,blairamanda@example.com,2025-02-17
7,Christian,Carter,718-555-5333,barbara10@example.net,2023-03-30
8,Jeremy,Roberts,718-555-7201,wyattmichelle@example.com,2023-06-11
9,Joshua,Reid,718-555-6925,francisco53@example.net,2024-01-29
10,Joseph,Zuniga,718-555-4733,lynchgeorge@example.net,2024-08-15
11,John,Ford,,veronica83@example.net,2023-07-26
12,Mark,Tate,718-555-6977,perezantonio@example.com,2023-11-30
13,Richard,Jones,718-555-5374,jason76@example.net,2023-05-27
14,Stephen,Baker,718-555-5010,julieryan@example.net,2023-12-01
15,Brenda,Hurst,718-555-4598,icox@example.net,2024-10-26
16,Trevor,Campos,718-555-4752,hernandezernest@example.net,2023-03-07
17,Robert,Brown,718-555-2084,dcarlson@example.net,2024-03-08
18,John,Tran,718-555-6155,frazierdanny@example.net,2024-03-11
19,Karen,Mack,718-555-8517,daniel62@example.com,2023-10-20
20,Aaron,Bowen,718-555-9830,teresa28@example.org,2024-06-22
21,Monica,Evans,718-555-7543,ericfarmer@example.net,2025-01-11
22,Stephanie,Nielsen,,georgetracy@example.org,2025-11-09
23,Sarah,Koch,718-555-2796,john39@example.org,2023-11-10
24,Christopher,Tucker,718-555-7916,spenceamanda@example.org,2023-05-11
25,David,Alvarez,718-555-8668,josephbrennan@example.com,2025-12-19
26,Tamara,Hickman,718-555-1188,jenniferross@example.net,2023-08-23
27,Debra,Kim,718-555-5371,omartinez@example.org,2024-11-27
28,Matthew,Chapman,718-555-8433,briannasmith@example.net,2023-01-07
29,Crystal,Perez,,heathchad@example.org,2024-06-23
30,Joshua,Washington,718-555-9317,jenniferkhan@example.net,2023-08-06
31,Thomas,Mueller,718-555-9317,glee@example.net,2024-02-12
32,Ryan,Henderson,718-555-9837,dshields@example.net,2025-12-22
33,Denise,Lucas,718-555-9005,powellmatthew@example.org,2023-02-09
34,John,Lee,718-555-6038,ltaylor@example.com,2024-05-05
35,Steven,Baxter,,ramosmichelle@example.net,2023-06-11
36,Corey,Pearson,718-555-2133,novaksara@example.org,2025-12-26
37,Gabriel,Tucker,718-555-8787,michellebarrera@example.org,2023-12-05
38,Nicholas,Galloway,,sara74@example.com,2025-05-16
39,Heather,Cross,,smoore@example.org,2024-02-16
40,Tanya,Riley,718-555-7118,adkinsbrian@example.net,2025-06-16
41,Thomas,Calhoun,718-555-5061,brianromero@example.org,2024-04-05
42,Casey,Jones,718-555-4770,richarddavid@example.net,2024-03-27
43,John,Wheeler,718-555-1964,barnesbrandy@example.net,2024-04-13
44,Leslie,Green,718-555-6413,john62@example.net,2023-05-26
45,Debbie,Bryant,718-555-8953,smithchristine@example.net,2024-03-14
46,Wendy,Jones,718-555-8744,williamanderson@example.com,2024-05-12
47,Nicole,Suarez,718-555-4119,justin78@example.net,2023-07-13
48,Kevin,Riggs,718-555-7939,contrerasangela@example.net,2025-04-21
49,Dale,Humphrey,718-555-2612,darrell18@example.org,2023-05-05
50,Joseph,Jacobs,718-555-2790,james48@example.com,2024-05-24
51,John,Odonnell,718-555-3296,davisrodney@example.com,2025-05-14
52,Bradley,Cook,718-555-2235,danagreen@example.net,2025-06-26
53,Scott,Thornton,,rodriguezsierra@example.net,2023-07-20
54,Rebecca,Gardner,,brandi26@example.org,2023-01-31
55,Bobby,Diaz,,nolanjason@example.org,2024-04-29
56,Elizabeth,Gomez,718-555-4502,vdickson@example.org,2025-04-01
57,Sara,Young,718-555-1035,theresacochran@example.com,2025-03-10
58,Angel,Doyle,718-555-8454,kimberly63@example.com,2024-08-07
59,Erik,Haynes,,ebrennan@example.org,2025-09-23
60,James,Sellers,718-555-1958,kevin33@example.org,2023-05-05
61,Donna,Ross,718-555-8811,michelle45@example.net,2025-10-26
62,William,Frazier,718-555-1931,sheila14@example.org,2025-11-06
63,Beverly,Terrell,718-555-2113,rodriguezryan@example.net,2024-04-26
64,Kristin,Graham,,cruzbarbara@example.com,2024-05-19
65,Bradley,Graham,718-555-2343,michaeljones@example.net,2025-05-08
66,Samantha,Hanson,718-555-6183,cortezkevin@example.com,2024-06-18
67,Elizabeth,Nguyen,718-555-4910,angela36@example.net,2024-06-27
68,Shelby,Byrd,718-555-5915,christinaturner@example.net,2025-07-25
69,Martha,Torres,718-555-2188,russellcarpenter@example.net,2023-01-20
70,Marco,Ramos,,williamleon@example.net,2023-07-24
71,Gene,Miller,718-555-5345,clarence34@example.org,2023-09-29
72,Lindsay,Hernandez,,sanchezthomas@example.org,2024-05-15
73,Stanley,Mercado,718-555-9900,jennifercruz@example.com,2024-09-11
74,John,Douglas,,staffordmichelle@example.org,2025-12-19
75,Kimberly,Robinson,718-555-5905,pwilliams@example.org,2023-08-01
76,Stephen,Solis,718-555-2891,stephanie79@example.net,2023-08-08
77,Patricia,Simmons,718-555-5616,vmerritt@example.com,2024-03-07
78,Shannon,Walton,718-555-5325,katie87@example.net,2025-11-01
79,John,Gonzales,,jimmy55@example.net,2023-04-15
80,Christopher,Hernandez,718-555-5533,tbenson@example.org,2023-04-01
81,Caleb,Russell,718-555-5291,nperry@example.com,2023-11-27
82,Perry,Carrillo,718-555-8007,gateskathy@example.com,2023-01-20
83,Thomas,Bender,,karen68@example.net,2023-11-02
84,Jessica,Marsh,718-555-3426,tracynelson@example.com,2025-05-30
85,Anthony,Rogers,718-555-1653,dramsey@example.org,2025-01-02
86,Tina,Ferguson,718-555-2684,qvargas@example.org,2024-12-25
87,Christopher,Patterson,,qwhite@example.com,2025-04-12
88,Mark,Gibson,718-555-4878,kathleen64@example.com,2023-11-29
89,Johnny,Miller,718-555-7755,currybrett@example.com,2023-02-20
90,Jeffrey,Jones,,websterstefanie@example.org,2025-04-23
91,Mary,Howell,,davidcaldwell@example.net,2024-05-23
92,Stacie,Marshall,718-555-2771,katie29@example.net,2025-02-22
93,Tamara,Higgins,,tamirodriguez@example.org,2024-03-31
94,Sarah,Johnston,,tsanders@example.org,2024-12-17
95,Charles,Vaughn,718-555-4728,curtisbarton@example.net,2024-04-01
96,Caroline,Martinez,718-555-6378,reedross@example.com,2024-07-24
97,Casey,Holland,,atkinsonlynn@example.org,2024-07-25
98,Ryan,Cox,718-555-9785,bzimmerman@example.org,2024-11-09
99,Jessica,Sheppard,718-555-5279,christina87@example.com,2024-01-01
100,Ryan,Simon,,marcus31@example.com,2023-03-20
101,Nicole,Sanchez,718-555-6139,qhudson@example.com,2025-06-12
102,Matthew,Snyder,718-555-7311,hunter35@example.com,2024-01-25
103,Matthew,Beard,718-555-1027,angela83@example.org,2025-11-30
104,John,Russell,718-555-4228,hannahbrewer@example.com,2025-01-15
105,Shane,Smith,,jeffrey34@example.net,2024-11-07
106,Bonnie,Kennedy,718-555-3041,ronald85@example.com,2024-09-07
107,Jacqueline,Nelson,718-555-6344,jerry35@example.org,2025-04-04
108,Julia,Tapia,718-555-4143,jamesrodgers@example.com,2025-05-11
109,Jenny,Bray,718-555-3851,tina34@example.org,2024-09-08
110,Michael,Turner,718-555-5978,joshuamccann@example.net,2024-08-10
111,Kelly,Raymond,718-555-6279,agarcia@example.net,2025-08-10
112,Justin,Mendoza,718-555-9375,jack04@example.com,2025-08-27
113,Danny,Jones,,ojones@example.net,2023-12-14
114,Brian,Hernandez,718-555-6491,christopher31@example.net,2023-07-11
115,Kathy,Obrien,718-555-6085,kimberlyjames@example.com,2024-04-05
116,Kenneth,Chapman,718-555-1757,ntorres@example.org,2024-05-16
117,Chelsea,Singh,718-555-2193,colleenbaker@example.org,2025-07-21
118,Eric,Thompson,718-555-4185,moorericky@example.net,2025-02-25
119,Brittney,Carter,718-555-1090,keithcampbell@example.com,2023-08-07
120,Charles,Hall,718-555-9486,kristin93@example.com,2025-08-09
121,Danny,Walker,718-555-2988,rebekahserrano@example.org,2025-07-23
122,Brian,Sparks,718-555-9702,scott74@example.net,2024-10-11
123,Richard,Nelson,,mkim@example.org,2025-10-30
124,Pamela,Navarro,,anthony39@example.net,2025-07-02
125,Stephanie,Key,718-555-8777,barbara27@example.net,2025-07-10
126,Denise,Moon,718-555-5543,wendygraham@example.com,2025-12-03
127,Tanya,Harrison,718-555-8206,qcook@example.org,2023-06-08
128,Mia,Rivera,718-555-6502,zroberts@example.net,2024-10-16
129,Benjamin,Miller,718-555-3471,marcus68@example.org,2024-04-18
130,Diane,Daniels,718-555-4505,hbrown@example.com,2023-05-12
131,Cindy,Jimenez,718-555-8633,nwolf@example.com,2025-05-01
132,Andrea,Pennington,718-555-7381,fgilmore@example.org,2023-02-10
133,Anthony,Mccoy,718-555-7232,jennifercollins@example.org,2025-09-03
134,Andrea,Davis,718-555-7389,murraydavid@example.org,2025-05-08
135,Tyrone,Moran,718-555-4613,robert77@example.org,2025-09-26
136,Stephen,Thomas,718-555-1475,sandraromero@example.org,2025-03-07
137,Michelle,Hill,718-555-7624,ymorgan@example.net,2023-12-05
138,Joseph,Smith,,mary97@example.org,2025-12-29
139,Sean,Washington,718-555-1444,andrea86@example.com,2023-06-21
140,Sarah,Kane,718-555-8564,ashleyhall@example.com,2024-01-08
141,Bradley,Garner,718-555-4467,qhughes@example.net,2025-07-20
142,Tina,Simpson,718-555-7211,martineztammy@example.com,2024-07-23
143,Molly,Sawyer,718-555-5133,dgarcia@example.org,2023-06-17
144,Jennifer,Ortiz,718-555-1853,charlesharrington@example.com,2024-12-17
145,Matthew,Schwartz,718-555-1659,christianmelissa@example.net,2023-03-05
146,Norman,Stewart,718-555-1333,cbrennan@example.net,2023-11-09
147,Casey,Welch,718-555-2874,wendy16@example.org,2024-03-22
148,Kathleen,Padilla,718-555-7043,wallaceheather@example.org,2023-12-10
149,Brandon,Flynn,,michael62@example.org,2023-08-23
150,Amanda,Knight,718-555-6096,georgemiller@example.com,2023-08-10
151,Christine,Allen,,jesselittle@example.com,2025-02-07
152,Jonathan,Smith,718-555-2245,rsantana@example.net,2024-05-12
153,Eric,Alexander,718-555-2983,vanessa46@example.net,2023-03-26
154,John,Bruce,718-555-7071,yvonnecastaneda@example.org,2023-05-22
155,John,Armstrong,718-555-7882,victoria40@example.net,2025-09-30
156,Randy,Smith,,lozanojulie@example.com,2025-07-30
157,Kimberly,Hall,718-555-9548,jeffery39@example.com,2024-07-07
158,Erica,Le,,courtneyberger@example.net,2025-09-17
159,Benjamin,Kramer,718-555-5397,rileyjessica@example.org,2024-10-22
160,Renee,Murphy,718-555-2419,ithompson@example.net,2024-07-25
161,Nancy,Diaz,718-555-8613,maria47@example.com,2025-02-15
162,Julie,Morgan,718-555-6325,mcdonaldcharles@example.org,2024-01-08
163,Michelle,Ramsey,718-555-5232,zcoffey@example.net,2024-11-28
164,Michael,Gibbs,718-555-5526,bakerdavid@example.com,2023-01-21
165,Emily,Chambers,718-555-4954,xcarson@example.org,2025-04-12
166,Emily,Ruiz,718-555-8800,rose31@example.net,2025-10-02
167,Madison,Blankenship,718-555-5820,debra12@example.org,2024-03-29
168,Sophia,Torres,718-555-7046,pwilson@example.net,2025-08-27
169,Derek,Chavez,718-555-6419,umatthews@example.org,2024-12-21
170,Nicole,Pena,718-555-5118,rgilbert@example.org,2024-04-17
171,Hannah,Robinson,718-555-2958,xsampson@example.org,2024-01-15
172,Tina,Richardson,718-555-5530,bruce43@example.org,2025-12-10
173,Stacy,Holloway,,batesdarlene@example.net,2024-02-02
174,Tasha,Williams,718-555-5952,john29@example.org,2023-01-29
175,Casey,Hubbard,718-555-1745,brendali@example.org,2023-04-22
176,Mark,Hernandez,718-555-3068,ramireztracey@example.org,2025-10-02
177,Amber,Lindsey,718-555-5658,guerreroanthony@example.org,2025-08-19
178,Michael,Kramer,718-555-1841,alfred40@example.org,2024-06-01
179,Judy,Fox,718-555-2070,alvarezkimberly@example.net,2025-03-31
180,Brittney,Hayes,718-555-1878,soniawilliams@example.net,2023-11-07
181,Adrienne,Ellis,718-555-5978,browntimothy@example.com,2023-06-24
182,Ronald,Rodriguez,718-555-7818,fjones@example.com,2024-04-07
183,Charlene,Jones,718-555-8253,claudia98@example.net,2024-08-31
184,Mark,Vang,,shawn96@example.org,2024-09-17
185,Laura,Wilson,718-555-2625,russellbeasley@example.com,2024-03-01
186,Matthew,Chavez,718-555-2330,ublair@example.com,2023-11-18
187,Larry,Scott,718-555-3564,gloriawells@example.org,2023-01-06
188,Marie,Davis,718-555-8699,garnernathan@example.org,2024-08-19
189,Angela,Willis,718-555-5632,elizabeth65@example.net,2025-07-18
190,Shelley,Henderson,718-555-5334,schmittcaroline@example.com,2024-02-10
191,Dale,Romero,718-555-3441,dianewalker@example.org,2024-06-28
192,Michael,Hawkins,718-555-3718,farmeraudrey@example.com,2024-09-21
193,Megan,Villegas,718-555-5728,lynchdiane@example.net,2025-06-18
194,Joseph,White,718-555-7594,sandra50@example.org,2024-07-11
195,Molly,Knight,718-555-2317,vjones@example.net,2023-03-23
196,Teresa,Davis,718-555-5102,nicholaschavez@example.org,2023-02-22
197,Mitchell,Griffith,,wareeric@example.net,2023-02-12
198,Brandon,Miller,718-555-5415,fstanley@example.net,2023-03-24
199,Scott,Nelson,718-555-9502,reeddaniel@example.net,2025-06-24
200,Erika,Tucker,718-555-8141,brandon69@example.org,2025-10-04
